<?xml version="1.0" encoding="UTF-8" standalone="yes"?>
    <addon id="plugin.program.kamuiwidgets" name="Kamui Widgets" version="1.1.3" provider-name="Obito">
        <requires>
            <import addon="xbmc.python" version="2.1.0" />
            <import addon="script.module.requests" version="1.1.0" />
            <import addon="script.module.addon.common" />
        </requires>
        <extension point="xbmc.python.pluginsource" library="default.py">
           <provides>executable</provides>
        </extension>
  <extension point="xbmc.addon.metadata">
    <summary lang="en">Kamui Widgets</summary>
    <description lang="en">Kamui Widgets</description>
    <platform>all</platform>
  </extension>
    </addon>
